INSERT INTO `mjesto` VALUES ('78000','Banja Luka'),('78206','Bocac'),('78420','Srbac'),('89000','Trebinje');
INSERT INTO `snabdjevac` VALUES (1,'MH Elektroprivreda RS',50000.0000,'89000','051000301');
INSERT INTO `distributer` VALUES (1,'Elektrodistribucija AD',20000.0000,1,'78420','051300201'),(2,'Elektrokrajina ',24000.0000,1,'78000','051300202');
INSERT INTO `elektricar` VALUES ('0103999224003','Djordje','Djordjic',1),('0203999224004','Petar','Petric',2),('0303999224005','Milan','Milankovic',2),('1702967224001','Zoran','Komadina',1),('1802964224002','Goran','Komadina',1);
INSERT INTO `knjigovodja` VALUES ('1007000101472','246813570','Marko','Markovic'),('1107000101473','246813571','Petar','Petrovic'),('1207000101474','246813572','Aleksandra','Aleksic');
INSERT INTO `potrosac` VALUES ('01357246801','Zoran Komadina','78420','065123001'),('01357246802','Petar Komadina','78420','065123002'),('01357246803','Nikola Bozic','78420','065123003'),('01357246804','Dragan Torbica','78420','065123004'),('01357246805','Dejan Dejanovic','78420','065123005'),('01357246806','Mara Delevic','78000','065123006'),('01357246807','Nebojsa Milankovic','78000','065123007'),('11357246801','PUB \"Eight\"','78420','051123001'),('11357246802','Caffe Bar \"Dom Mlaidh\'','78420','051123002'),('11357246803','Pizzeria \"Qui-Qui\"','78420','051123003'),('11357246804','Restoran \"Monumental\"','78420','051123004'),('11357246805','Caffe Bar \"Candela\"','78000','051123005'),('11357246806','Pekoteka \"Manja\"','78000','051123006'),('11357246807','PUB \"K.S.E.T Pab\"','78000','051123007');
INSERT INTO `ormar` VALUES 
	(1, 245.0, 0, '01357246801'),
    (0, 500.25, 0, '01357246802'),
    (1, 1220.1, 0, '01357246803');